BTC,bitcoin,https://www.coincarp.com/currencies/bitcoin/
ETH,ethereum,https://www.coincarp.com/currencies/ethereum/
USDT,tether,https://www.coincarp.com/currencies/tether/
BNB,binance-coin,https://www.coincarp.com/currencies/binance-coin/
XRP,ripple,https://www.coincarp.com/currencies/ripple/
STETH,lido,https://www.coincarp.com/currencies/lido/
USDC,usdc,https://www.coincarp.com/currencies/usdc/
ADA,cardano,https://www.coincarp.com/currencies/cardano/
AVAX,avalanche,https://www.coincarp.com/currencies/avalanche/
OKB,okb,https://www.coincarp.com/currencies/okb/
DOGE,dogecoin,https://www.coincarp.com/currencies/dogecoin/
TRX,tron,https://www.coincarp.com/currencies/tron/
LINK,chainlink,https://www.coincarp.com/currencies/chainlink/
DOT,polkadot100,https://www.coincarp.com/currencies/polkadot100/
MATIC,matictoken,https://www.coincarp.com/currencies/matictoken/
UNI,uniswap,https://www.coincarp.com/currencies/uniswap/
WBTC,wrapped-bitcoin,https://www.coincarp.com/currencies/wrapped-bitcoin/
TON,toncoin,https://www.coincarp.com/currencies/toncoin/
DAI,dai,https://www.coincarp.com/currencies/dai/
SHIB,shibainu,https://www.coincarp.com/currencies/shibainu/
BCH,bitcoin-cash,https://www.coincarp.com/currencies/bitcoin-cash/
LTC,litecoin,https://www.coincarp.com/currencies/litecoin/
IMX,immutablex,https://www.coincarp.com/currencies/immutablex/
FIL,filecoinnew,https://www.coincarp.com/currencies/filecoinnew/
ATOM,cosmos,https://www.coincarp.com/currencies/cosmos/
LEO,leotoken,https://www.coincarp.com/currencies/leotoken/
TUSD,true-usd,https://www.coincarp.com/currencies/true-usd/
ETC,ethereum-classic,https://www.coincarp.com/currencies/ethereum-classic/
NEAR,nearprotocol,https://www.coincarp.com/currencies/nearprotocol/
FDUSD,first-digital,https://www.coincarp.com/currencies/first-digital/
INJ,injectiveprotocol,https://www.coincarp.com/currencies/injectiveprotocol/
LDO,lidodaotoken,https://www.coincarp.com/currencies/lidodaotoken/
RNDR,rndrtoken,https://www.coincarp.com/currencies/rndrtoken/
GRT,graph,https://www.coincarp.com/currencies/graph/
CRO,crypto-com-chain,https://www.coincarp.com/currencies/crypto-com-chain/
ARB,arbitrum,https://www.coincarp.com/currencies/arbitrum/
MKR,maker,https://www.coincarp.com/currencies/maker/
BEAMX,onbeam,https://www.coincarp.com/currencies/onbeam/
AAVE,aave-new,https://www.coincarp.com/currencies/aave-new/
EGLD,elrond,https://www.coincarp.com/currencies/elrond/
STRK,starknet,https://www.coincarp.com/currencies/starknet/
AXS,axieinfinity,https://www.coincarp.com/currencies/axieinfinity/
QNT,quant,https://www.coincarp.com/currencies/quant/
SNX,synthetix-network-token,https://www.coincarp.com/currencies/synthetix-network-token/
BLUR,blur,https://www.coincarp.com/currencies/blur/
SAND,thesandbox,https://www.coincarp.com/currencies/thesandbox/
FTM,fantom,https://www.coincarp.com/currencies/fantom/
CHZ,chiliz,https://www.coincarp.com/currencies/chiliz/
DYDX,dydxexchange,https://www.coincarp.com/currencies/dydxexchange/
WLD,world-coin,https://www.coincarp.com/currencies/world-coin/
XTZ,tezos,https://www.coincarp.com/currencies/tezos/
APE,apecoin-com,https://www.coincarp.com/currencies/apecoin-com/
BTT,bittorrent-new,https://www.coincarp.com/currencies/bittorrent-new/
OCEAN,ocean-protocol,https://www.coincarp.com/currencies/ocean-protocol/
KCS,kcs,https://www.coincarp.com/currencies/kcs/
AGIX,agix,https://www.coincarp.com/currencies/agix/
MANA,decentraland,https://www.coincarp.com/currencies/decentraland/
CFX,confluxtoken,https://www.coincarp.com/currencies/confluxtoken/
WOO,wootrade,https://www.coincarp.com/currencies/wootrade/
FET,fetchai,https://www.coincarp.com/currencies/fetchai/
EOS,eos,https://www.coincarp.com/currencies/eos/
MIOTA,iota,https://www.coincarp.com/currencies/iota/
GALA,gala,https://www.coincarp.com/currencies/gala/
GNO,gnosis-gno,https://www.coincarp.com/currencies/gnosis-gno/
CAKE,pancakeswap,https://www.coincarp.com/currencies/pancakeswap/
LUNC,terra,https://www.coincarp.com/currencies/terra/
CRV,curve,https://www.coincarp.com/currencies/curve/
FXS,frax-share,https://www.coincarp.com/currencies/frax-share/
ENS,ethereumnameservice,https://www.coincarp.com/currencies/ethereumnameservice/
PAXG,paxgold,https://www.coincarp.com/currencies/paxgold/
PENDLE,pendlefinance,https://www.coincarp.com/currencies/pendlefinance/
JASMY,jasmy,https://www.coincarp.com/currencies/jasmy/
NEXO,nexo,https://www.coincarp.com/currencies/nexo/
GUSD,geminidollar,https://www.coincarp.com/currencies/geminidollar/
1INCH,1inchtoken,https://www.coincarp.com/currencies/1inchtoken/
FTT,ftx-token,https://www.coincarp.com/currencies/ftx-token/
ONDO,ondo-finance,https://www.coincarp.com/currencies/ondo-finance/
RPL,rocketpoolnet,https://www.coincarp.com/currencies/rocketpoolnet/
IOTX,lotex,https://www.coincarp.com/currencies/lotex/
TWT,trustwallet,https://www.coincarp.com/currencies/trustwallet/
COMP,compound,https://www.coincarp.com/currencies/compound/
ZETA,zetachaincom,https://www.coincarp.com/currencies/zetachaincom/
PEPE,pepe,https://www.coincarp.com/currencies/pepe/
GT,gatechaintoken,https://www.coincarp.com/currencies/gatechaintoken/
ENJ,enjin-coin,https://www.coincarp.com/currencies/enjin-coin/
GMT,green-metaverse,https://www.coincarp.com/currencies/green-metaverse/
MASK,masknetwork,https://www.coincarp.com/currencies/masknetwork/
SUPER,superfarm,https://www.coincarp.com/currencies/superfarm/
ZEC,zcash,https://www.coincarp.com/currencies/zcash/
ELF,aelf,https://www.coincarp.com/currencies/aelf/
SKL,skalenetwork,https://www.coincarp.com/currencies/skalenetwork/
CVX,convex-finance,https://www.coincarp.com/currencies/convex-finance/
LPT,livepeer,https://www.coincarp.com/currencies/livepeer/
ZIL,zilliqa,https://www.coincarp.com/currencies/zilliqa/
HOT,holo,https://www.coincarp.com/currencies/holo/
TRAC,origintrail,https://www.coincarp.com/currencies/origintrail/
PIXEL,pixel-xyz,https://www.coincarp.com/currencies/pixel-xyz/
BAT,basic-attention-token,https://www.coincarp.com/currencies/basic-attention-token/
SUSHI,sushi,https://www.coincarp.com/currencies/sushi/
LRC,loopring,https://www.coincarp.com/currencies/loopring/
SFP,safepal,https://www.coincarp.com/currencies/safepal/
ILV,iiiuvium,https://www.coincarp.com/currencies/iiiuvium/
FLOKI,floki-inu,https://www.coincarp.com/currencies/floki-inu/
API3,api3,https://www.coincarp.com/currencies/api3/
MAGIC,magic,https://www.coincarp.com/currencies/magic/
CHR,chromia,https://www.coincarp.com/currencies/chromia/
GLM,golem-network-tokens,https://www.coincarp.com/currencies/golem-network-tokens/
ANT,aragon,https://www.coincarp.com/currencies/aragon/
SSV,ssv-network,https://www.coincarp.com/currencies/ssv-network/
YFI,yearnfinance,https://www.coincarp.com/currencies/yearnfinance/
ANKR,ankr,https://www.coincarp.com/currencies/ankr/
ZRX,0x,https://www.coincarp.com/currencies/0x/
UMA,uma,https://www.coincarp.com/currencies/uma/
GAL,project-eco,https://www.coincarp.com/currencies/project-eco/
STORJ,storj,https://www.coincarp.com/currencies/storj/
FLUX,zelnetwork,https://www.coincarp.com/currencies/zelnetwork/
ID,space-id,https://www.coincarp.com/currencies/space-id/
T,threshold-network,https://www.coincarp.com/currencies/threshold-network/
BAND,bandprotocol,https://www.coincarp.com/currencies/bandprotocol/
TRB,tellor,https://www.coincarp.com/currencies/tellor/
MX,mxtoken,https://www.coincarp.com/currencies/mxtoken/
USTC,terrausd,https://www.coincarp.com/currencies/terrausd/
AUDIO,audius,https://www.coincarp.com/currencies/audius/
RBN,ribbon-finance,https://www.coincarp.com/currencies/ribbon-finance/
MEME,memeland,https://www.coincarp.com/currencies/memeland/
BICO,biconomy,https://www.coincarp.com/currencies/biconomy/
RLC,rlc,https://www.coincarp.com/currencies/rlc/
BAL,balancer,https://www.coincarp.com/currencies/balancer/
RAY,raydium,https://www.coincarp.com/currencies/raydium/
CTSI,cartesi,https://www.coincarp.com/currencies/cartesi/
BABYDOGE,babydoge,https://www.coincarp.com/currencies/babydoge/
C98,coin98,https://www.coincarp.com/currencies/coin98/
ONT,ont,https://www.coincarp.com/currencies/ont/
TKO,tko,https://www.coincarp.com/currencies/tko/
EDU,open-campus,https://www.coincarp.com/currencies/open-campus/
ACE,endurance,https://www.coincarp.com/currencies/endurance/
WAXP,wax,https://www.coincarp.com/currencies/wax/
TRIBE,tribe,https://www.coincarp.com/currencies/tribe/
USDP,paxosstandard,https://www.coincarp.com/currencies/paxosstandard/
SXP,swipe,https://www.coincarp.com/currencies/swipe/
AI,sleepless-ai,https://www.coincarp.com/currencies/sleepless-ai/
ARKM,arkham,https://www.coincarp.com/currencies/arkham/
COTI,coti,https://www.coincarp.com/currencies/coti/
PROM,prometeus,https://www.coincarp.com/currencies/prometeus/
AMP,amp,https://www.coincarp.com/currencies/amp/
LCX,lcx,https://www.coincarp.com/currencies/lcx/
XVS,xvs,https://www.coincarp.com/currencies/xvs/
CELR,celernetwork,https://www.coincarp.com/currencies/celernetwork/
NMR,numeraire,https://www.coincarp.com/currencies/numeraire/
POWR,power-ledger,https://www.coincarp.com/currencies/power-ledger/
ACH,alchemypay,https://www.coincarp.com/currencies/alchemypay/
ABT,arcblock,https://www.coincarp.com/currencies/arcblock/
CTC,creditcoin,https://www.coincarp.com/currencies/creditcoin/
wNXM,wrappednxm,https://www.coincarp.com/currencies/wrappednxm/
PYR,vulcan-forged,https://www.coincarp.com/currencies/vulcan-forged/
BIGTIME,bigtime,https://www.coincarp.com/currencies/bigtime/
ORBS,orbs,https://www.coincarp.com/currencies/orbs/
AUCTION,auction,https://www.coincarp.com/currencies/auction/
SNT,status,https://www.coincarp.com/currencies/status/
NFP,nfprompt,https://www.coincarp.com/currencies/nfprompt/
OM,mantradao,https://www.coincarp.com/currencies/mantradao/
POND,marlin,https://www.coincarp.com/currencies/marlin/
CYBER,cyberconnect,https://www.coincarp.com/currencies/cyberconnect/
MAV,maverick-protocol,https://www.coincarp.com/currencies/maverick-protocol/
YGG,yield-guild-games,https://www.coincarp.com/currencies/yield-guild-games/
SLP,smalllovepotion,https://www.coincarp.com/currencies/smalllovepotion/
RSR,rsr,https://www.coincarp.com/currencies/rsr/
BLZ,bluzelle,https://www.coincarp.com/currencies/bluzelle/
PEOPLE,constitutiondao,https://www.coincarp.com/currencies/constitutiondao/
ALI,ali-token,https://www.coincarp.com/currencies/ali-token/
STRAX,strax,https://www.coincarp.com/currencies/strax/
LQTY,lqty,https://www.coincarp.com/currencies/lqty/
DEXE,dexe,https://www.coincarp.com/currencies/dexe/
NYM,nym,https://www.coincarp.com/currencies/nym/
DENT,dent,https://www.coincarp.com/currencies/dent/
HFT,hashflow,https://www.coincarp.com/currencies/hashflow/
HOOK,hooked-protocol,https://www.coincarp.com/currencies/hooked-protocol/
TLOS,telos,https://www.coincarp.com/currencies/telos/
KEEP,keepnetwork,https://www.coincarp.com/currencies/keepnetwork/
BONE,bone-shibaswap,https://www.coincarp.com/currencies/bone-shibaswap/
LOOM,loom-network,https://www.coincarp.com/currencies/loom-network/
STG,stargate-finance,https://www.coincarp.com/currencies/stargate-finance/
PERP,perp,https://www.coincarp.com/currencies/perp/
ALPHA,alphafinancelab,https://www.coincarp.com/currencies/alphafinancelab/
SYN,synapse-2,https://www.coincarp.com/currencies/synapse-2/
KNC,kyber-network,https://www.coincarp.com/currencies/kyber-network/
DODO,dodo,https://www.coincarp.com/currencies/dodo/
BAKE,bakeryswap,https://www.coincarp.com/currencies/bakeryswap/
OXT,orchid,https://www.coincarp.com/currencies/orchid/
DUSK,dusk-network,https://www.coincarp.com/currencies/dusk-network/
PUNDIX,pundi-x-2,https://www.coincarp.com/currencies/pundi-x-2/
AURORA,aurora-dev,https://www.coincarp.com/currencies/aurora-dev/
STPT,stpt,https://www.coincarp.com/currencies/stpt/
CVC,civic,https://www.coincarp.com/currencies/civic/
CTK,certik,https://www.coincarp.com/currencies/certik/
AGLD,adventure-gold,https://www.coincarp.com/currencies/adventure-gold/
RSS3,rss3,https://www.coincarp.com/currencies/rss3/
REQ,request-network,https://www.coincarp.com/currencies/request-network/
VANRY,terravirtua,https://www.coincarp.com/currencies/terravirtua/
MTL,metal,https://www.coincarp.com/currencies/metal/
BNT,bancor,https://www.coincarp.com/currencies/bancor/
BNX,binaryx-new,https://www.coincarp.com/currencies/binaryx-new/
OMG,omisego,https://www.coincarp.com/currencies/omisego/
RAD,radicle,https://www.coincarp.com/currencies/radicle/
GTC,gitcoin,https://www.coincarp.com/currencies/gitcoin/
ALICE,alice,https://www.coincarp.com/currencies/alice/
OGN,origintoken,https://www.coincarp.com/currencies/origintoken/
NKN,nkn,https://www.coincarp.com/currencies/nkn/
PDA,playdapp,https://www.coincarp.com/currencies/playdapp/
TOMI,tomi-com,https://www.coincarp.com/currencies/tomi-com/
XYO,xyo-network,https://www.coincarp.com/currencies/xyo-network/
MBOX,mobox,https://www.coincarp.com/currencies/mobox/
RARE,superrare,https://www.coincarp.com/currencies/superrare/
POLS,polkastarter,https://www.coincarp.com/currencies/polkastarter/
PHA,phala,https://www.coincarp.com/currencies/phala/
SPELL,spell-token,https://www.coincarp.com/currencies/spell-token/
HIGH,highstreet,https://www.coincarp.com/currencies/highstreet/
EVER,ton-crystal,https://www.coincarp.com/currencies/ton-crystal/
LOOKS,looksrare,https://www.coincarp.com/currencies/looksrare/
BUSD,binanceusd,https://www.coincarp.com/currencies/binanceusd/
ELA,elastos,https://www.coincarp.com/currencies/elastos/
ARPA,arpa,https://www.coincarp.com/currencies/arpa/
STMX,storm,https://www.coincarp.com/currencies/storm/
ELON,dogelon-mars,https://www.coincarp.com/currencies/dogelon-mars/
HIFI,hifi-finance-v2,https://www.coincarp.com/currencies/hifi-finance-v2/
GODS,godsunchained,https://www.coincarp.com/currencies/godsunchained/
QKC,quarkchain,https://www.coincarp.com/currencies/quarkchain/
PHB,phoenix-global-new,https://www.coincarp.com/currencies/phoenix-global-new/
BADGER,badger-dao,https://www.coincarp.com/currencies/badger-dao/
REN,republic-protocol,https://www.coincarp.com/currencies/republic-protocol/
VIC,tomochain,https://www.coincarp.com/currencies/tomochain/
TRU,truefi,https://www.coincarp.com/currencies/truefi/
DAR,mines-of-dalarnia,https://www.coincarp.com/currencies/mines-of-dalarnia/
DATA,streamr-datacoin,https://www.coincarp.com/currencies/streamr-datacoin/
VRA,verasity,https://www.coincarp.com/currencies/verasity/
TLM,trilium,https://www.coincarp.com/currencies/trilium/
AERGO,aergo,https://www.coincarp.com/currencies/aergo/
ORN,orionprotocol,https://www.coincarp.com/currencies/orionprotocol/
RACA,radiocaca,https://www.coincarp.com/currencies/radiocaca/
ROUTE,routerprotocol,https://www.coincarp.com/currencies/routerprotocol/
ALCX,alchemix,https://www.coincarp.com/currencies/alchemix/
SWEAT,sweatcoin,https://www.coincarp.com/currencies/sweatcoin/
FX,function-x,https://www.coincarp.com/currencies/function-x/
BETA,betafinance,https://www.coincarp.com/currencies/betafinance/
FUN,funfair,https://www.coincarp.com/currencies/funfair/
FORTH,ampleforth-governance-token,https://www.coincarp.com/currencies/ampleforth-governance-token/
MDX,mdex,https://www.coincarp.com/currencies/mdex/
ATA,automata,https://www.coincarp.com/currencies/automata/
FRONT,frontier,https://www.coincarp.com/currencies/frontier/
LINA,linearfinance,https://www.coincarp.com/currencies/linearfinance/
DIA,diadata,https://www.coincarp.com/currencies/diadata/
MNW,morpheus-network-mnw,https://www.coincarp.com/currencies/morpheus-network-mnw/
GHST,aavegotchi,https://www.coincarp.com/currencies/aavegotchi/
LEVER,leverfi,https://www.coincarp.com/currencies/leverfi/
ASM,assemble,https://www.coincarp.com/currencies/assemble/
IDEX,idex,https://www.coincarp.com/currencies/idex/
MDT,mdt,https://www.coincarp.com/currencies/mdt/
DEGO,degofinance,https://www.coincarp.com/currencies/degofinance/
HUNT,hunt,https://www.coincarp.com/currencies/hunt/
LADYS,milady-meme-coin,https://www.coincarp.com/currencies/milady-meme-coin/
ERN,ethernity-chain,https://www.coincarp.com/currencies/ethernity-chain/
PRO,propy,https://www.coincarp.com/currencies/propy/
CLV,cloverfinance,https://www.coincarp.com/currencies/cloverfinance/
LIT,litentry,https://www.coincarp.com/currencies/litentry/
BEL,bella,https://www.coincarp.com/currencies/bella/
XCN,chain-new,https://www.coincarp.com/currencies/chain-new/
CEL,celsius,https://www.coincarp.com/currencies/celsius/
UNFI,unifiprotocoldao,https://www.coincarp.com/currencies/unifiprotocoldao/
MLN,melon,https://www.coincarp.com/currencies/melon/
LOKA,leagueofkingdoms,https://www.coincarp.com/currencies/leagueofkingdoms/
SDAO,singularitydao,https://www.coincarp.com/currencies/singularitydao/
BOBA,boba-network,https://www.coincarp.com/currencies/boba-network/
REEF,reef,https://www.coincarp.com/currencies/reef/
LTO,lto-network,https://www.coincarp.com/currencies/lto-network/
AQT,alphaquarktoken,https://www.coincarp.com/currencies/alphaquarktoken/
UTK,utrust,https://www.coincarp.com/currencies/utrust/
RLY,rly,https://www.coincarp.com/currencies/rly/
KEY,selfkey,https://www.coincarp.com/currencies/selfkey/
VLX,velas,https://www.coincarp.com/currencies/velas/
QUICK,quickswap-new,https://www.coincarp.com/currencies/quickswap-new/
RARI,rarible,https://www.coincarp.com/currencies/rarible/
AVA,ava,https://www.coincarp.com/currencies/ava/
RAMP,ramp,https://www.coincarp.com/currencies/ramp/
DNT,district0x,https://www.coincarp.com/currencies/district0x/
BURGER,burgerswap,https://www.coincarp.com/currencies/burgerswap/
CHESS,tranchess,https://www.coincarp.com/currencies/tranchess/
KP3R,keep3rv1,https://www.coincarp.com/currencies/keep3rv1/
VGX,bitquence,https://www.coincarp.com/currencies/bitquence/
FARM,harvestfinance,https://www.coincarp.com/currencies/harvestfinance/
AMB,amber,https://www.coincarp.com/currencies/amber/
PRQ,parsiq,https://www.coincarp.com/currencies/parsiq/
DOCK,dock,https://www.coincarp.com/currencies/dock/
CREAM,creamfinance,https://www.coincarp.com/currencies/creamfinance/
ALPACA,alpaca-finance,https://www.coincarp.com/currencies/alpaca-finance/
ADX,adx-net,https://www.coincarp.com/currencies/adx-net/
BOND,barnbridge,https://www.coincarp.com/currencies/barnbridge/
STARL,starlinkcom,https://www.coincarp.com/currencies/starlinkcom/
BIFI,beefyfinance,https://www.coincarp.com/currencies/beefyfinance/
YFII,yfii,https://www.coincarp.com/currencies/yfii/
BOSON,bosonprotocol,https://www.coincarp.com/currencies/bosonprotocol/
VIDT,vidt-dao,https://www.coincarp.com/currencies/vidt-dao/
DRGN,dragonchain,https://www.coincarp.com/currencies/dragonchain/
FIS,stafi,https://www.coincarp.com/currencies/stafi/
SENT,sentinel,https://www.coincarp.com/currencies/sentinel/
SANTOS,santos-fc-fan-token,https://www.coincarp.com/currencies/santos-fc-fan-token/
AKRO,akropolis,https://www.coincarp.com/currencies/akropolis/
ALPINE,alpine-f1,https://www.coincarp.com/currencies/alpine-f1/
DG,decentral-games-v2,https://www.coincarp.com/currencies/decentral-games-v2/
VOLT,volt-inu-v2,https://www.coincarp.com/currencies/volt-inu-v2/
LAZIO,lazio-fan-token,https://www.coincarp.com/currencies/lazio-fan-token/
DC,dogechain,https://www.coincarp.com/currencies/dogechain/
MXC,mxc,https://www.coincarp.com/currencies/mxc/
CITY,manchester-city-fan-token,https://www.coincarp.com/currencies/manchester-city-fan-token/
PORTO,fc-porto,https://www.coincarp.com/currencies/fc-porto/
EPS,ellipsis,https://www.coincarp.com/currencies/ellipsis/
SWAP,trustswap,https://www.coincarp.com/currencies/trustswap/
GFT,gifto,https://www.coincarp.com/currencies/gifto/
OCT,octopusnetwork,https://www.coincarp.com/currencies/octopusnetwork/
NEST,nestprotocol,https://www.coincarp.com/currencies/nestprotocol/
DF,df,https://www.coincarp.com/currencies/df/
AST,airswap,https://www.coincarp.com/currencies/airswap/
FOR,for,https://www.coincarp.com/currencies/for/
SUKU,suku,https://www.coincarp.com/currencies/suku/
NCT,polyswarm,https://www.coincarp.com/currencies/polyswarm/
KRL,kryll,https://www.coincarp.com/currencies/kryll/
BTM,bytom,https://www.coincarp.com/currencies/bytom/
NIM,nimiq,https://www.coincarp.com/currencies/nimiq/
FSN,fusion,https://www.coincarp.com/currencies/fusion/
QRL,quantum-resistant-ledger,https://www.coincarp.com/currencies/quantum-resistant-ledger/
MAN,matrix-ai-network,https://www.coincarp.com/currencies/matrix-ai-network/
INV,inversefinance,https://www.coincarp.com/currencies/inversefinance/
PNT,pnetwork,https://www.coincarp.com/currencies/pnetwork/
TIME,chronobank,https://www.coincarp.com/currencies/chronobank/
VIB,viberate,https://www.coincarp.com/currencies/viberate/
SOLVE,solve,https://www.coincarp.com/currencies/solve/
REVV,revvmotorsport,https://www.coincarp.com/currencies/revvmotorsport/
WSM,wallstmemes,https://www.coincarp.com/currencies/wallstmemes/
CVP,powerpool,https://www.coincarp.com/currencies/powerpool/
DREP,drepnew,https://www.coincarp.com/currencies/drepnew/
OAX,oax,https://www.coincarp.com/currencies/oax/
SRM,serum,https://www.coincarp.com/currencies/serum/
MULTI,multichain,https://www.coincarp.com/currencies/multichain/
TORN,tornadocash,https://www.coincarp.com/currencies/tornadocash/
WWY,weway,https://www.coincarp.com/currencies/weway/
BRWL,blockchain-brawlers,https://www.coincarp.com/currencies/blockchain-brawlers/
AVT,aventus,https://www.coincarp.com/currencies/aventus/
CTX,cryptex-finance,https://www.coincarp.com/currencies/cryptex-finance/
BAX,babb,https://www.coincarp.com/currencies/babb/
QASH,qash,https://www.coincarp.com/currencies/qash/
OOKI,ooki-token,https://www.coincarp.com/currencies/ooki-token/
REP,augur,https://www.coincarp.com/currencies/augur/
HSF,hillstone-finance,https://www.coincarp.com/currencies/hillstone-finance/
PLU,pluton,https://www.coincarp.com/currencies/pluton/
TAMA,tamadoge,https://www.coincarp.com/currencies/tamadoge/
GAME,gamestarter,https://www.coincarp.com/currencies/gamestarter/
STRP,strips-finance,https://www.coincarp.com/currencies/strips-finance/
BTCST,btcstnew,https://www.coincarp.com/currencies/btcstnew/
REV,revain,https://www.coincarp.com/currencies/revain/
ANC,anchorprotocol,https://www.coincarp.com/currencies/anchorprotocol/
SNC,suncontract,https://www.coincarp.com/currencies/suncontract/
MITX,morpheus-labs,https://www.coincarp.com/currencies/morpheus-labs/
PROB,probittoken,https://www.coincarp.com/currencies/probittoken/
STC,satoshi-island,https://www.coincarp.com/currencies/satoshi-island/
NAV,nav-coin,https://www.coincarp.com/currencies/nav-coin/
DOSE,dose,https://www.coincarp.com/currencies/dose/
QSP,quantstamp,https://www.coincarp.com/currencies/quantstamp/
PSTAKE,pstake-finance,https://www.coincarp.com/currencies/pstake-finance/
MOVEZ,movez,https://www.coincarp.com/currencies/movez/
TUP,tenup,https://www.coincarp.com/currencies/tenup/
ASTRO,astroswap,https://www.coincarp.com/currencies/astroswap/
LYM,lympo,https://www.coincarp.com/currencies/lympo/
PPT,populous,https://www.coincarp.com/currencies/populous/
MIR,mirror-protocol,https://www.coincarp.com/currencies/mirror-protocol/
BFT,bnktothefuture,https://www.coincarp.com/currencies/bnktothefuture/
AUTO,autofarm,https://www.coincarp.com/currencies/autofarm/
CND,cindicator,https://www.coincarp.com/currencies/cindicator/
GST,green-satoshi-token-bsc,https://www.coincarp.com/currencies/green-satoshi-token-bsc/
PAY,tenx,https://www.coincarp.com/currencies/tenx/
SKEB,skeb-coin,https://www.coincarp.com/currencies/skeb-coin/
MTH,monetha,https://www.coincarp.com/currencies/monetha/
SOS,open-dao,https://www.coincarp.com/currencies/open-dao/
RCN,ripio-credit-network,https://www.coincarp.com/currencies/ripio-credit-network/
GNX,genaro,https://www.coincarp.com/currencies/genaro/
RDN,raiden-network-token,https://www.coincarp.com/currencies/raiden-network-token/
WTC,walton,https://www.coincarp.com/currencies/walton/
DCN,dentacoin,https://www.coincarp.com/currencies/dentacoin/
MITH,mith,https://www.coincarp.com/currencies/mith/
CS,credits,https://www.coincarp.com/currencies/credits/
PERL,perlin,https://www.coincarp.com/currencies/perlin/
MDA,moeda-loyalty-points,https://www.coincarp.com/currencies/moeda-loyalty-points/
SNM,sonm,https://www.coincarp.com/currencies/sonm/
BRD,bread,https://www.coincarp.com/currencies/bread/
OCN,odyssey,https://www.coincarp.com/currencies/odyssey/
BRKL,brokoli-network,https://www.coincarp.com/currencies/brokoli-network/
VIBE,vibe,https://www.coincarp.com/currencies/vibe/
RUFF,ruff,https://www.coincarp.com/currencies/ruff/
BIX,bixtoken,https://www.coincarp.com/currencies/bixtoken/
EVX,everex,https://www.coincarp.com/currencies/everex/
MDS,medishares,https://www.coincarp.com/currencies/medishares/
MAT,my-master-war,https://www.coincarp.com/currencies/my-master-war/
ZSC,zeusshield,https://www.coincarp.com/currencies/zeusshield/
INXT,internxt,https://www.coincarp.com/currencies/internxt/
EZ,ez,https://www.coincarp.com/currencies/ez/
FODL,fodl-finance,https://www.coincarp.com/currencies/fodl-finance/
EVRY,evrynet,https://www.coincarp.com/currencies/evrynet/
LOVE,deesse,https://www.coincarp.com/currencies/deesse/
COFI,coinfi,https://www.coincarp.com/currencies/coinfi/
UPI,pawtocol,https://www.coincarp.com/currencies/pawtocol/
IHT,iht-real-estate-protocol,https://www.coincarp.com/currencies/iht-real-estate-protocol/
ORION,orionmoney,https://www.coincarp.com/currencies/orionmoney/
BRT,bikerush,https://www.coincarp.com/currencies/bikerush/
METAX,meraversex,https://www.coincarp.com/currencies/meraversex/
BP,beyond-protocol,https://www.coincarp.com/currencies/beyond-protocol/
FACE,facedao,https://www.coincarp.com/currencies/facedao/
PKT,playkey,https://www.coincarp.com/currencies/playkey/
REM,remme,https://www.coincarp.com/currencies/remme/
ENG,enigma-project,https://www.coincarp.com/currencies/enigma-project/
PST,primas,https://www.coincarp.com/currencies/primas/
RANKER,rankerdao,https://www.coincarp.com/currencies/rankerdao/
DLT,agrello-delta,https://www.coincarp.com/currencies/agrello-delta/
POE,poet,https://www.coincarp.com/currencies/poet/
SHOE,shoefy,https://www.coincarp.com/currencies/shoefy/
LUN,lunyr,https://www.coincarp.com/currencies/lunyr/
CMT,cybermiles,https://www.coincarp.com/currencies/cybermiles/
TAUR,marnotaur,https://www.coincarp.com/currencies/marnotaur/
HERA,hero-arena,https://www.coincarp.com/currencies/hero-arena/
EKO,echolink,https://www.coincarp.com/currencies/echolink/
NIFTSY,envelop,https://www.coincarp.com/currencies/envelop/
BIKI,bikitoken,https://www.coincarp.com/currencies/bikitoken/
TNB,timenewbank,https://www.coincarp.com/currencies/timenewbank/
KOL,kollect,https://www.coincarp.com/currencies/kollect/
RICE,daosquare,https://www.coincarp.com/currencies/daosquare/
DAC,davinci,https://www.coincarp.com/currencies/davinci/
SWM,swarm-fund,https://www.coincarp.com/currencies/swarm-fund/
CPC,cpchain,https://www.coincarp.com/currencies/cpchain/
MCONTENT,mcontent,https://www.coincarp.com/currencies/mcontent/
BDG,bitdegree,https://www.coincarp.com/currencies/bitdegree/
MESA,metavisa-protocol,https://www.coincarp.com/currencies/metavisa-protocol/
DES,despace-protocol,https://www.coincarp.com/currencies/despace-protocol/
SNGLS,singulardtv,https://www.coincarp.com/currencies/singulardtv/
EGT,egretia,https://www.coincarp.com/currencies/egretia/
SHIT,shit,https://www.coincarp.com/currencies/shit/
TOPC,topc,https://www.coincarp.com/currencies/topc/
WND,wonderhero,https://www.coincarp.com/currencies/wonderhero/
CXO,cargox,https://www.coincarp.com/currencies/cargox/
AGI,singularitynet,https://www.coincarp.com/currencies/singularitynet/
POC,powercandy,https://www.coincarp.com/currencies/powercandy/
TCT,tokenclub,https://www.coincarp.com/currencies/tokenclub/
DTA,data,https://www.coincarp.com/currencies/data/
KST,ksm-starter,https://www.coincarp.com/currencies/ksm-starter/
WLUNA,wrapped-luna-token,https://www.coincarp.com/currencies/wrapped-luna-token/
ZLA,zla,https://www.coincarp.com/currencies/zla/
XUC,exchange-union,https://www.coincarp.com/currencies/exchange-union/
TEP,tepleton,https://www.coincarp.com/currencies/tepleton/
BZRX,bzxprotocol,https://www.coincarp.com/currencies/bzxprotocol/
ITCOLD,iotchain,https://www.coincarp.com/currencies/iotchain/
WT,wbftoken,https://www.coincarp.com/currencies/wbftoken/
BCPT,blockmason,https://www.coincarp.com/currencies/blockmason/
GAME,gamecredits,https://www.coincarp.com/currencies/gamecredits/
BANCA,banca,https://www.coincarp.com/currencies/banca/
BERRY,berry,https://www.coincarp.com/currencies/berry/
HMQ,humaniq,https://www.coincarp.com/currencies/humaniq/
TNT,tierion,https://www.coincarp.com/currencies/tierion/
CHAT,chatcoin,https://www.coincarp.com/currencies/chatcoin/
SMT,smartmesh,https://www.coincarp.com/currencies/smartmesh/
BT,bituantoken,https://www.coincarp.com/currencies/bituantoken/
TTK,the-three-kingdoms,https://www.coincarp.com/currencies/the-three-kingdoms/
wCFG,wrapped-centrifuge,https://www.coincarp.com/currencies/wrapped-centrifuge/
EKT,ekt8,https://www.coincarp.com/currencies/ekt8/
CUBE,cube-network,https://www.coincarp.com/currencies/cube-network/
HE,heroes-and-empires,https://www.coincarp.com/currencies/heroes-and-empires/
BLOC,blockcloud,https://www.coincarp.com/currencies/blockcloud/
SRN,sirin-labs-token,https://www.coincarp.com/currencies/sirin-labs-token/
MUSD,mstableusd,https://www.coincarp.com/currencies/mstableusd/
DMT,dmarket,https://www.coincarp.com/currencies/dmarket/
TORII,torii-finance,https://www.coincarp.com/currencies/torii-finance/
WABI,wabi,https://www.coincarp.com/currencies/wabi/
INK,ink,https://www.coincarp.com/currencies/ink/
IPL,insurepal,https://www.coincarp.com/currencies/insurepal/
BQT,bqt,https://www.coincarp.com/currencies/bqt/
GVT,genesis-vision,https://www.coincarp.com/currencies/genesis-vision/
APPC,appcoins,https://www.coincarp.com/currencies/appcoins/
EXRN,exrnchain,https://www.coincarp.com/currencies/exrnchain/
DMLG,demole,https://www.coincarp.com/currencies/demole/
INDI,indigg,https://www.coincarp.com/currencies/indigg/
MTX,matryx,https://www.coincarp.com/currencies/matryx/
TCH,tigercash,https://www.coincarp.com/currencies/tigercash/
EXY,experty,https://www.coincarp.com/currencies/experty/
RNT,oneroot,https://www.coincarp.com/currencies/oneroot/
OLAND,oceanland,https://www.coincarp.com/currencies/oceanland/
GRO,gro-dao-token,https://www.coincarp.com/currencies/gro-dao-token/
WPR,wepowernetwork,https://www.coincarp.com/currencies/wepowernetwork/
DOGECOIN,xrpmoonpepeinu,https://www.coincarp.com/currencies/xrpmoonpepeinu/
BTCB,bitcoinbep2,https://www.coincarp.com/currencies/bitcoinbep2/
MNT,mantle,https://www.coincarp.com/currencies/mantle/
WBETH,wrapped-beacon-eth,https://www.coincarp.com/currencies/wrapped-beacon-eth/
CHEEL,cheelee,https://www.coincarp.com/currencies/cheelee/
BIT,bitdao,https://www.coincarp.com/currencies/bitdao/
BTTOLD,bittorrent,https://www.coincarp.com/currencies/bittorrent/
HEX,hex,https://www.coincarp.com/currencies/hex/
WBNB,wrappedbnb,https://www.coincarp.com/currencies/wrappedbnb/
MC,merit-circle,https://www.coincarp.com/currencies/merit-circle/
BGB,bitgettoken,https://www.coincarp.com/currencies/bitgettoken/
FRAX,frax,https://www.coincarp.com/currencies/frax/
WBT,whitebit-token,https://www.coincarp.com/currencies/whitebit-token/
FLZ,fellaz,https://www.coincarp.com/currencies/fellaz/
AXL,axelar,https://www.coincarp.com/currencies/axelar/
HBTC,hbtc,https://www.coincarp.com/currencies/hbtc/
ORAI,oraichain-token,https://www.coincarp.com/currencies/oraichain-token/
USDD,decentralized-usd-trx,https://www.coincarp.com/currencies/decentralized-usd-trx/
CBETH,coinbase-wrapped,https://www.coincarp.com/currencies/coinbase-wrapped/
ALT,altlayer,https://www.coincarp.com/currencies/altlayer/
XAUT,tethergold,https://www.coincarp.com/currencies/tethergold/
FTN,fasttoken,https://www.coincarp.com/currencies/fasttoken/
METIS,metistoken,https://www.coincarp.com/currencies/metistoken/
RLB,rollbit-coin,https://www.coincarp.com/currencies/rollbit-coin/
NFT,apenft,https://www.coincarp.com/currencies/apenft/
FEI,fei,https://www.coincarp.com/currencies/fei/
ORBR,orbler,https://www.coincarp.com/currencies/orbler/
LSD,l7dex,https://www.coincarp.com/currencies/l7dex/
SUSD,susd,https://www.coincarp.com/currencies/susd/
AIOZ,aioz-network,https://www.coincarp.com/currencies/aioz-network/
PRIME,parallel-prime,https://www.coincarp.com/currencies/parallel-prime/
PYUSD,paypal-usd,https://www.coincarp.com/currencies/paypal-usd/
LUSD,liquity,https://www.coincarp.com/currencies/liquity/
PAAL,paal-ai,https://www.coincarp.com/currencies/paal-ai/
XT,xttoken,https://www.coincarp.com/currencies/xttoken/
CDT,coindash,https://www.coincarp.com/currencies/coindash/
BTRST,braintrust,https://www.coincarp.com/currencies/braintrust/
MAVIA,heroes-of-mavia,https://www.coincarp.com/currencies/heroes-of-mavia/
SFUND,seedify-fund,https://www.coincarp.com/currencies/seedify-fund/
OMI,ecomicolle,https://www.coincarp.com/currencies/ecomicolle/
FLEX,coinflex,https://www.coincarp.com/currencies/coinflex/
RENBTC,renbtc,https://www.coincarp.com/currencies/renbtc/
BORG,swissborg,https://www.coincarp.com/currencies/swissborg/
UOS,ultra,https://www.coincarp.com/currencies/ultra/
GF,guildfi,https://www.coincarp.com/currencies/guildfi/
AGRS,agoras-tokens,https://www.coincarp.com/currencies/agoras-tokens/
MYRIA,myria,https://www.coincarp.com/currencies/myria/
BEST,bitpanda,https://www.coincarp.com/currencies/bitpanda/
HT,ht,https://www.coincarp.com/currencies/ht/
VBIT,valobit,https://www.coincarp.com/currencies/valobit/
0X0,0x0-token,https://www.coincarp.com/currencies/0x0-token/
POLY,polymath-network,https://www.coincarp.com/currencies/polymath-network/
RDNT,radiant-capital,https://www.coincarp.com/currencies/radiant-capital/
DAO,daomaker,https://www.coincarp.com/currencies/daomaker/
BORA,bora,https://www.coincarp.com/currencies/bora/
GMT,gomining-token,https://www.coincarp.com/currencies/gomining-token/
NOIA,syntropy,https://www.coincarp.com/currencies/syntropy/
VVS,vvs-finance,https://www.coincarp.com/currencies/vvs-finance/
EFI,efinity,https://www.coincarp.com/currencies/efinity/
TET,tectum,https://www.coincarp.com/currencies/tectum/
SDEX,smardex,https://www.coincarp.com/currencies/smardex/
BNX,binaryx,https://www.coincarp.com/currencies/binaryx/
GAFI,gamefi,https://www.coincarp.com/currencies/gamefi/
TRIAS,triastoken,https://www.coincarp.com/currencies/triastoken/
NAKA,nakamoto-games,https://www.coincarp.com/currencies/nakamoto-games/
CUDOS,cudos,https://www.coincarp.com/currencies/cudos/
AGI,delysium,https://www.coincarp.com/currencies/delysium/
EURS,stasis-eurs,https://www.coincarp.com/currencies/stasis-eurs/
GOG,guild-of-guardians,https://www.coincarp.com/currencies/guild-of-guardians/
CGPT,chaingpt,https://www.coincarp.com/currencies/chaingpt/
APEX,apex-exchange,https://www.coincarp.com/currencies/apex-exchange/
LYX,lukso,https://www.coincarp.com/currencies/lukso/
DKA,dKargo,https://www.coincarp.com/currencies/dKargo/
SURE,insure,https://www.coincarp.com/currencies/insure/
TEL,telcoin,https://www.coincarp.com/currencies/telcoin/
VR,victoria-vr,https://www.coincarp.com/currencies/victoria-vr/
ATOR,airtor-protocol,https://www.coincarp.com/currencies/airtor-protocol/
SOV,sovryn,https://www.coincarp.com/currencies/sovryn/
ZIG,zignaly,https://www.coincarp.com/currencies/zignaly/
POL,polygon-ecosystem-token,https://www.coincarp.com/currencies/polygon-ecosystem-token/
FLIP,chainflip,https://www.coincarp.com/currencies/chainflip/
PLANET,planettoken,https://www.coincarp.com/currencies/planettoken/
PAID,paidnetwork,https://www.coincarp.com/currencies/paidnetwork/
WILD,wilder-world,https://www.coincarp.com/currencies/wilder-world/
TON,tokamaknetwork,https://www.coincarp.com/currencies/tokamaknetwork/
AETH,ankreth,https://www.coincarp.com/currencies/ankreth/
SHIDO,shido-inu-new,https://www.coincarp.com/currencies/shido-inu-new/
MRS,metars-genesis,https://www.coincarp.com/currencies/metars-genesis/
GEL,gelatonetwork,https://www.coincarp.com/currencies/gelatonetwork/
PSP,paraswap,https://www.coincarp.com/currencies/paraswap/
DORA,dora-factory-new,https://www.coincarp.com/currencies/dora-factory-new/
CHEX,chex-token,https://www.coincarp.com/currencies/chex-token/
DIMO,dimo-zone,https://www.coincarp.com/currencies/dimo-zone/
BFC,bfc,https://www.coincarp.com/currencies/bfc/
MUBI,multibit,https://www.coincarp.com/currencies/multibit/
ALEPH,alephim,https://www.coincarp.com/currencies/alephim/
DEXT,dextools,https://www.coincarp.com/currencies/dextools/
ROOT,the-root-network,https://www.coincarp.com/currencies/the-root-network/
UQC,uquid-coin,https://www.coincarp.com/currencies/uquid-coin/
NXRA,allianceblock,https://www.coincarp.com/currencies/allianceblock/
MAP,marcopoloprotocol,https://www.coincarp.com/currencies/marcopoloprotocol/
AEUR,aeur,https://www.coincarp.com/currencies/aeur/
GFI,goldfinch,https://www.coincarp.com/currencies/goldfinch/
QTF,quantfury,https://www.coincarp.com/currencies/quantfury/
BZR,bazaars,https://www.coincarp.com/currencies/bazaars/
AVINOC,avinoc,https://www.coincarp.com/currencies/avinoc/
DFI,defichain,https://www.coincarp.com/currencies/defichain/
ANY,anyswap,https://www.coincarp.com/currencies/anyswap/
LON,tokenlon,https://www.coincarp.com/currencies/tokenlon/
ZKF,zkfair,https://www.coincarp.com/currencies/zkfair/
BANANA,banana-gun,https://www.coincarp.com/currencies/banana-gun/
FORT,forta,https://www.coincarp.com/currencies/forta/
VERI,veritaseum,https://www.coincarp.com/currencies/veritaseum/
CBK,cobak-token,https://www.coincarp.com/currencies/cobak-token/
DPI,defipulseindex,https://www.coincarp.com/currencies/defipulseindex/
SOLO,sologenic,https://www.coincarp.com/currencies/sologenic/
META,metadium,https://www.coincarp.com/currencies/metadium/
RVF,rocket-vault,https://www.coincarp.com/currencies/rocket-vault/
XCAD,xcad,https://www.coincarp.com/currencies/xcad/
PEPE2.0,pepe-2-0,https://www.coincarp.com/currencies/pepe-2-0/
NIZA,niza-global,https://www.coincarp.com/currencies/niza-global/
DAG,constellation,https://www.coincarp.com/currencies/constellation/
NU,nucypher,https://www.coincarp.com/currencies/nucypher/
MEME,memetoon,https://www.coincarp.com/currencies/memetoon/
5IRE,5ire,https://www.coincarp.com/currencies/5ire/
XSGD,xsgd,https://www.coincarp.com/currencies/xsgd/
SIDUS,sidus-heroes,https://www.coincarp.com/currencies/sidus-heroes/
BSW,biswap,https://www.coincarp.com/currencies/biswap/
MOG,mog-coin,https://www.coincarp.com/currencies/mog-coin/
MANC,mancium,https://www.coincarp.com/currencies/mancium/
DVF,deversifi,https://www.coincarp.com/currencies/deversifi/
SHX,stronghold-token,https://www.coincarp.com/currencies/stronghold-token/
MTRG,meter,https://www.coincarp.com/currencies/meter/
OUSD,origindollar,https://www.coincarp.com/currencies/origindollar/
1CAT,bitcoincats,https://www.coincarp.com/currencies/bitcoincats/
AITECH,solidus-ai-tech,https://www.coincarp.com/currencies/solidus-ai-tech/
COMBO,combo,https://www.coincarp.com/currencies/combo/
DXD,dxdao,https://www.coincarp.com/currencies/dxdao/
DEP,deapcoin,https://www.coincarp.com/currencies/deapcoin/
MPL,maplefinance,https://www.coincarp.com/currencies/maplefinance/
VAI,vai,https://www.coincarp.com/currencies/vai/
CRE,carry,https://www.coincarp.com/currencies/carry/
EUROC,euro-coin,https://www.coincarp.com/currencies/euro-coin/
METFI,metfi2,https://www.coincarp.com/currencies/metfi2/
BRISE,bitrise-token,https://www.coincarp.com/currencies/bitrise-token/
STRK,strike,https://www.coincarp.com/currencies/strike/
ABBC,alibabacoin,https://www.coincarp.com/currencies/alibabacoin/
EUL,euler-finance,https://www.coincarp.com/currencies/euler-finance/
NCDT,nucocloud,https://www.coincarp.com/currencies/nucocloud/
CORE,cvault-finance,https://www.coincarp.com/currencies/cvault-finance/
AMPL,ampleforth,https://www.coincarp.com/currencies/ampleforth/
SEAM,seamless,https://www.coincarp.com/currencies/seamless/
WRLD,nft-worlds,https://www.coincarp.com/currencies/nft-worlds/
VAI,vaiot,https://www.coincarp.com/currencies/vaiot/
VEGA,vegaprotocol,https://www.coincarp.com/currencies/vegaprotocol/
COPI,cornucopias,https://www.coincarp.com/currencies/cornucopias/
XCHNG,chaingefinance,https://www.coincarp.com/currencies/chaingefinance/
GFAL,games-for-a-living,https://www.coincarp.com/currencies/games-for-a-living/
TPY,thrupenny,https://www.coincarp.com/currencies/thrupenny/
CPOOL,clearpool,https://www.coincarp.com/currencies/clearpool/
ALU,altura,https://www.coincarp.com/currencies/altura/
STC,saitamatoken,https://www.coincarp.com/currencies/saitamatoken/
FCT,firmachain,https://www.coincarp.com/currencies/firmachain/
WXT,wirex,https://www.coincarp.com/currencies/wirex/
TROLL,troll,https://www.coincarp.com/currencies/troll/
VEE,blockv,https://www.coincarp.com/currencies/blockv/
UNIBOT,unibot,https://www.coincarp.com/currencies/unibot/
10SET,tenset,https://www.coincarp.com/currencies/tenset/
KEX,kiranetwork,https://www.coincarp.com/currencies/kiranetwork/
CERE,cerenetwork,https://www.coincarp.com/currencies/cerenetwork/
DIONE,dione-protocol,https://www.coincarp.com/currencies/dione-protocol/
FEG,fegtoken,https://www.coincarp.com/currencies/fegtoken/
EGC,evergrow-coin,https://www.coincarp.com/currencies/evergrow-coin/
WHITE,whiteheart,https://www.coincarp.com/currencies/whiteheart/
HELLO,hello-token,https://www.coincarp.com/currencies/hello-token/
TARA,taraxa,https://www.coincarp.com/currencies/taraxa/
LMWR,limewire,https://www.coincarp.com/currencies/limewire/
BITCOIN,bitcoin-erc20,https://www.coincarp.com/currencies/bitcoin-erc20/
EURT,tethereur,https://www.coincarp.com/currencies/tethereur/
STOS,stratos,https://www.coincarp.com/currencies/stratos/
ORC,orbitchain,https://www.coincarp.com/currencies/orbitchain/
NEXT,connext,https://www.coincarp.com/currencies/connext/
CEEK,ceek-vr,https://www.coincarp.com/currencies/ceek-vr/
ONUS,onus,https://www.coincarp.com/currencies/onus/
MOC,mossland,https://www.coincarp.com/currencies/mossland/
DERC,deraceio,https://www.coincarp.com/currencies/deraceio/
UPP,upptoken,https://www.coincarp.com/currencies/upptoken/
APX,apollox,https://www.coincarp.com/currencies/apollox/
WAGMIGAMES,wagmigame,https://www.coincarp.com/currencies/wagmigame/
ALT,archloot,https://www.coincarp.com/currencies/archloot/
LOCUS,locus-chain,https://www.coincarp.com/currencies/locus-chain/
INSP,inspect,https://www.coincarp.com/currencies/inspect/
QUACK,richquack-com,https://www.coincarp.com/currencies/richquack-com/
ML,mintlayer,https://www.coincarp.com/currencies/mintlayer/
RBX,rabbitx,https://www.coincarp.com/currencies/rabbitx/
ASD,btmx,https://www.coincarp.com/currencies/btmx/
FEG,feg-token,https://www.coincarp.com/currencies/feg-token/
DIO,decimated,https://www.coincarp.com/currencies/decimated/
OPUL,opulous,https://www.coincarp.com/currencies/opulous/
SOMM,sommelier,https://www.coincarp.com/currencies/sommelier/
MCB,mcdex,https://www.coincarp.com/currencies/mcdex/
TALK,talken,https://www.coincarp.com/currencies/talken/
BMX,bitmarttoken,https://www.coincarp.com/currencies/bitmarttoken/
UFT,uft,https://www.coincarp.com/currencies/uft/
TOKEN,tokenfi,https://www.coincarp.com/currencies/tokenfi/
AURA,aura-finance,https://www.coincarp.com/currencies/aura-finance/
SPH,spheroid-universe,https://www.coincarp.com/currencies/spheroid-universe/
CRU,crust,https://www.coincarp.com/currencies/crust/
H2O,h2odao,https://www.coincarp.com/currencies/h2odao/
PALM,palm-ai,https://www.coincarp.com/currencies/palm-ai/
ARC,arc,https://www.coincarp.com/currencies/arc/
VELO,velo,https://www.coincarp.com/currencies/velo/
TAVA,altava,https://www.coincarp.com/currencies/altava/
MMIT,mangoman-intelligent,https://www.coincarp.com/currencies/mangoman-intelligent/
GHX,gamercoin,https://www.coincarp.com/currencies/gamercoin/
TRADE,polytrade,https://www.coincarp.com/currencies/polytrade/
eXRD,eradix,https://www.coincarp.com/currencies/eradix/
ORDS,ordiswap,https://www.coincarp.com/currencies/ordiswap/
CAPS,coin-capsule,https://www.coincarp.com/currencies/coin-capsule/
GMEE,gamee,https://www.coincarp.com/currencies/gamee/
VXV,vectorspace,https://www.coincarp.com/currencies/vectorspace/
LEASH,doge-killer,https://www.coincarp.com/currencies/doge-killer/
FOX,shapeshift,https://www.coincarp.com/currencies/shapeshift/
SPS,splinterlands,https://www.coincarp.com/currencies/splinterlands/
KATA,katana-inu,https://www.coincarp.com/currencies/katana-inu/
NTX,nunet,https://www.coincarp.com/currencies/nunet/
BOB,bob1,https://www.coincarp.com/currencies/bob1/
OFN,openfabric,https://www.coincarp.com/currencies/openfabric/
WNCG,wncg,https://www.coincarp.com/currencies/wncg/
FOAM,foam,https://www.coincarp.com/currencies/foam/
SD,stader,https://www.coincarp.com/currencies/stader/
CAST,castello-coin,https://www.coincarp.com/currencies/castello-coin/
UFO,ufo-gaming,https://www.coincarp.com/currencies/ufo-gaming/
DPR,deepernetwork,https://www.coincarp.com/currencies/deepernetwork/
ECOREAL,ecoreal-estate,https://www.coincarp.com/currencies/ecoreal-estate/
PCI,paycoin,https://www.coincarp.com/currencies/paycoin/
USDN,dollarneutrino,https://www.coincarp.com/currencies/dollarneutrino/
PTS,petals,https://www.coincarp.com/currencies/petals/
PROPC,propchain,https://www.coincarp.com/currencies/propchain/
XPR,proton,https://www.coincarp.com/currencies/proton/
MLT,milc-platform,https://www.coincarp.com/currencies/milc-platform/
SAVM,satoshivm,https://www.coincarp.com/currencies/satoshivm/
VIDT,v-id,https://www.coincarp.com/currencies/v-id/
GHO,gho-aave,https://www.coincarp.com/currencies/gho-aave/
KISHU,kishu-inu,https://www.coincarp.com/currencies/kishu-inu/
NUM,numbers-protocol,https://www.coincarp.com/currencies/numbers-protocol/
OPTIMUS,optimus-ai,https://www.coincarp.com/currencies/optimus-ai/
CELL,cellframe,https://www.coincarp.com/currencies/cellframe/
KAI,kardiachain,https://www.coincarp.com/currencies/kardiachain/
BZZ,ethereumswarm,https://www.coincarp.com/currencies/ethereumswarm/
DG,degate,https://www.coincarp.com/currencies/degate/
TPT,tokenpocket,https://www.coincarp.com/currencies/tokenpocket/
ACX,across-protocol,https://www.coincarp.com/currencies/across-protocol/
POOLX,poolx-finance,https://www.coincarp.com/currencies/poolx-finance/
MVL,mass-vehicle-ledger,https://www.coincarp.com/currencies/mass-vehicle-ledger/
HOPR,hopr,https://www.coincarp.com/currencies/hopr/
QRDO,qredo,https://www.coincarp.com/currencies/qredo/
CONX,connex,https://www.coincarp.com/currencies/connex/
SHT,sht,https://www.coincarp.com/currencies/sht/
SIS,symbiosis-finance,https://www.coincarp.com/currencies/symbiosis-finance/
GZONE,gamezone,https://www.coincarp.com/currencies/gamezone/
TSUKA,dejitaru-tsuka,https://www.coincarp.com/currencies/dejitaru-tsuka/
ONIT,onbuffiptoken,https://www.coincarp.com/currencies/onbuffiptoken/
CREO,creo-engine,https://www.coincarp.com/currencies/creo-engine/
COVAL,circuits-of-value,https://www.coincarp.com/currencies/circuits-of-value/
BLP,bullperks,https://www.coincarp.com/currencies/bullperks/
CSIX,carbon-website,https://www.coincarp.com/currencies/carbon-website/
ZEON,zeon,https://www.coincarp.com/currencies/zeon/
IMGNAI,image-generation-ai,https://www.coincarp.com/currencies/image-generation-ai/
IDIA,impossible-decentralized-incubator-access,https://www.coincarp.com/currencies/impossible-decentralized-incubator-access/
MUTE,mute,https://www.coincarp.com/currencies/mute/
MATH,math,https://www.coincarp.com/currencies/math/
YOOSHI,yooshi,https://www.coincarp.com/currencies/yooshi/
MCADE,metacade,https://www.coincarp.com/currencies/metacade/
XEN,xen-crypto,https://www.coincarp.com/currencies/xen-crypto/
ADS,adshares,https://www.coincarp.com/currencies/adshares/
TURBO,turbo,https://www.coincarp.com/currencies/turbo/
TONC,ton,https://www.coincarp.com/currencies/ton/
PLT,plt-token,https://www.coincarp.com/currencies/plt-token/
CENNZ,centrality,https://www.coincarp.com/currencies/centrality/
KARATE,karate-combat,https://www.coincarp.com/currencies/karate-combat/
BBF,bubblefong,https://www.coincarp.com/currencies/bubblefong/
EPX,ellipsis-2,https://www.coincarp.com/currencies/ellipsis-2/
SLG,land-of-conquest,https://www.coincarp.com/currencies/land-of-conquest/
TABOO,taboo-token,https://www.coincarp.com/currencies/taboo-token/
WOJAK,wojak,https://www.coincarp.com/currencies/wojak/
PIT,pitbullcommunity,https://www.coincarp.com/currencies/pitbullcommunity/
SPA,sperax,https://www.coincarp.com/currencies/sperax/
XRT,robonomicsnetwork,https://www.coincarp.com/currencies/robonomicsnetwork/
BOTTO,botto,https://www.coincarp.com/currencies/botto/
FRM,ferrumnetwork,https://www.coincarp.com/currencies/ferrumnetwork/
CWEB,coinweb,https://www.coincarp.com/currencies/coinweb/
STC,studentcoinorg,https://www.coincarp.com/currencies/studentcoinorg/
DCB,decubate,https://www.coincarp.com/currencies/decubate/
HEZ,hermez,https://www.coincarp.com/currencies/hermez/
PROS,pros,https://www.coincarp.com/currencies/pros/
PIIN,piin,https://www.coincarp.com/currencies/piin/
GLQ,graphlinq-protocol,https://www.coincarp.com/currencies/graphlinq-protocol/
GYEN,gyen,https://www.coincarp.com/currencies/gyen/
LA,latoken,https://www.coincarp.com/currencies/latoken/
HAPI,hapi,https://www.coincarp.com/currencies/hapi/
ICHI,ichifarm,https://www.coincarp.com/currencies/ichifarm/
JESUS,jesus-toys,https://www.coincarp.com/currencies/jesus-toys/
BAD,bad-idea-ai,https://www.coincarp.com/currencies/bad-idea-ai/
SAITO,saito,https://www.coincarp.com/currencies/saito/
BISC,bidao-smart-chain,https://www.coincarp.com/currencies/bidao-smart-chain/
HDOT,huobi-polkadot,https://www.coincarp.com/currencies/huobi-polkadot/
PKF,polkafoundry,https://www.coincarp.com/currencies/polkafoundry/
DMTR,dimitra,https://www.coincarp.com/currencies/dimitra/
HEGIC,hegic,https://www.coincarp.com/currencies/hegic/
USDV,verified-usd,https://www.coincarp.com/currencies/verified-usd/
SN,spacen,https://www.coincarp.com/currencies/spacen/
QOM,shiba-predator,https://www.coincarp.com/currencies/shiba-predator/
OMNI,omnicat,https://www.coincarp.com/currencies/omnicat/
PNK,kleros,https://www.coincarp.com/currencies/kleros/
HERO,metahero,https://www.coincarp.com/currencies/metahero/
SENATE,sidus-heroes-dao,https://www.coincarp.com/currencies/sidus-heroes-dao/
TKP,tokpie,https://www.coincarp.com/currencies/tokpie/
TOKE,tokemak,https://www.coincarp.com/currencies/tokemak/
TURT,turtsat,https://www.coincarp.com/currencies/turtsat/
GMM,gamium,https://www.coincarp.com/currencies/gamium/
ALITA,grokalita,https://www.coincarp.com/currencies/grokalita/
MASQ,masq,https://www.coincarp.com/currencies/masq/
TRVL,dtravel,https://www.coincarp.com/currencies/dtravel/
YLD,yieldapp,https://www.coincarp.com/currencies/yieldapp/
DCK,dexcheck,https://www.coincarp.com/currencies/dexcheck/
RFOX,redfox-labs,https://www.coincarp.com/currencies/redfox-labs/
FUSE,fuse-network,https://www.coincarp.com/currencies/fuse-network/
WBX,wibx,https://www.coincarp.com/currencies/wibx/
SWASH,swash,https://www.coincarp.com/currencies/swash/
LIMO,limoverse,https://www.coincarp.com/currencies/limoverse/
NFTX,nftx,https://www.coincarp.com/currencies/nftx/
GENE,genopets,https://www.coincarp.com/currencies/genopets/
MIX,mixmarvel,https://www.coincarp.com/currencies/mixmarvel/
SHPING,shping,https://www.coincarp.com/currencies/shping/
PUSH,ethereum-push-notification-service,https://www.coincarp.com/currencies/ethereum-push-notification-service/
BIDR,binanceidr,https://www.coincarp.com/currencies/binanceidr/
GAINS,gains,https://www.coincarp.com/currencies/gains/
GET,get-protocol,https://www.coincarp.com/currencies/get-protocol/
PMPY,prometheum-prodigy,https://www.coincarp.com/currencies/prometheum-prodigy/
BSCPAD,bscpad,https://www.coincarp.com/currencies/bscpad/
VEXT,veloce,https://www.coincarp.com/currencies/veloce/
MET,metronome,https://www.coincarp.com/currencies/metronome/
EPIK,epikprime,https://www.coincarp.com/currencies/epikprime/
COT,cosplay,https://www.coincarp.com/currencies/cosplay/
EL,elysia,https://www.coincarp.com/currencies/elysia/
AIPAD,aipad,https://www.coincarp.com/currencies/aipad/
UNIX,unix-gaming,https://www.coincarp.com/currencies/unix-gaming/
SWFTC,swftcoin,https://www.coincarp.com/currencies/swftcoin/
UNCX,ucnx,https://www.coincarp.com/currencies/ucnx/
CSAS,csas,https://www.coincarp.com/currencies/csas/
WAIT,hourglass,https://www.coincarp.com/currencies/hourglass/
UFI,purefi-protocol,https://www.coincarp.com/currencies/purefi-protocol/
IZI,izumi-finance,https://www.coincarp.com/currencies/izumi-finance/
ARIA20,arianee-protocol,https://www.coincarp.com/currencies/arianee-protocol/
AREA,areon-network,https://www.coincarp.com/currencies/areon-network/
AMO,amo-coin,https://www.coincarp.com/currencies/amo-coin/
CON,conun,https://www.coincarp.com/currencies/conun/
BITROCK,bitrock,https://www.coincarp.com/currencies/bitrock/
NWC,Newscrypto,https://www.coincarp.com/currencies/Newscrypto/
IDRT,rupiahtoken,https://www.coincarp.com/currencies/rupiahtoken/
MAX,maxity,https://www.coincarp.com/currencies/maxity/
DG,decentralgames,https://www.coincarp.com/currencies/decentralgames/
KAN,kan,https://www.coincarp.com/currencies/kan/
ISK,iskra,https://www.coincarp.com/currencies/iskra/
VINU,vita-inu,https://www.coincarp.com/currencies/vita-inu/
PAR,parallel,https://www.coincarp.com/currencies/parallel/
XRWA,xendfinance,https://www.coincarp.com/currencies/xendfinance/
DOME,everdome,https://www.coincarp.com/currencies/everdome/
XDEFI,xdefi,https://www.coincarp.com/currencies/xdefi/
LSS,lossless,https://www.coincarp.com/currencies/lossless/
BST,blocksquare,https://www.coincarp.com/currencies/blocksquare/
PZP,playzap,https://www.coincarp.com/currencies/playzap/
EGG,nestree,https://www.coincarp.com/currencies/nestree/
GQ,outer-ring,https://www.coincarp.com/currencies/outer-ring/
SOFI,rai-finance-sofi,https://www.coincarp.com/currencies/rai-finance-sofi/
DLC,diamond-launch,https://www.coincarp.com/currencies/diamond-launch/
BCUBE,b-cube-ai,https://www.coincarp.com/currencies/b-cube-ai/
CRTS,cratos,https://www.coincarp.com/currencies/cratos/
UBT,unibright,https://www.coincarp.com/currencies/unibright/
MEV,meverse,https://www.coincarp.com/currencies/meverse/
WNZ,winnerz,https://www.coincarp.com/currencies/winnerz/
SMT,swarm-markets,https://www.coincarp.com/currencies/swarm-markets/
PALM,palmpay,https://www.coincarp.com/currencies/palmpay/
CULT,cult-dao,https://www.coincarp.com/currencies/cult-dao/
EML,eml-token,https://www.coincarp.com/currencies/eml-token/
MDAO,marsdao,https://www.coincarp.com/currencies/marsdao/
CUBE,somniumspace,https://www.coincarp.com/currencies/somniumspace/
PIB,pibble,https://www.coincarp.com/currencies/pibble/
XTM,torum,https://www.coincarp.com/currencies/torum/
DVI,divisionnetwork,https://www.coincarp.com/currencies/divisionnetwork/
ZCN,0chain,https://www.coincarp.com/currencies/0chain/
HOGE,hoge-finance,https://www.coincarp.com/currencies/hoge-finance/
WIKEN,projectwith,https://www.coincarp.com/currencies/projectwith/
PTU,pintu-token,https://www.coincarp.com/currencies/pintu-token/
BRN,brn-metaverse,https://www.coincarp.com/currencies/brn-metaverse/
CHRP,chirpley,https://www.coincarp.com/currencies/chirpley/
QTCON,qtcon,https://www.coincarp.com/currencies/qtcon/
PRE,presearch,https://www.coincarp.com/currencies/presearch/
SORA,sora-ai,https://www.coincarp.com/currencies/sora-ai/
BDP,big-data-protocol,https://www.coincarp.com/currencies/big-data-protocol/
SIX,sixnetwork,https://www.coincarp.com/currencies/sixnetwork/
LIQ,liquidus,https://www.coincarp.com/currencies/liquidus/
ZKB,zkswap,https://www.coincarp.com/currencies/zkswap/
ETHAX,ethax,https://www.coincarp.com/currencies/ethax/
RAE,rae,https://www.coincarp.com/currencies/rae/
PAW,pawswap,https://www.coincarp.com/currencies/pawswap/
XDB,digitalbits,https://www.coincarp.com/currencies/digitalbits/
EGOLD,egold-token,https://www.coincarp.com/currencies/egold-token/
PDEX,polkadex,https://www.coincarp.com/currencies/polkadex/
LOOP,loopnetwork,https://www.coincarp.com/currencies/loopnetwork/
AKITA,akita-inu,https://www.coincarp.com/currencies/akita-inu/
GSWAP,gameswap,https://www.coincarp.com/currencies/gameswap/
HZN,horizon-protocol,https://www.coincarp.com/currencies/horizon-protocol/
THE,thena,https://www.coincarp.com/currencies/thena/
SHFT,shyftnetwork,https://www.coincarp.com/currencies/shyftnetwork/
SQUIDGROW,squid-grow,https://www.coincarp.com/currencies/squid-grow/
BOBO,bobo-coin,https://www.coincarp.com/currencies/bobo-coin/
OOE,openocean,https://www.coincarp.com/currencies/openocean/
APM,apmcoin,https://www.coincarp.com/currencies/apmcoin/
INFRA,bware-labs,https://www.coincarp.com/currencies/bware-labs/
VALOR,valor-token,https://www.coincarp.com/currencies/valor-token/
ICE,ice-decentralized-future,https://www.coincarp.com/currencies/ice-decentralized-future/
RAI,rai,https://www.coincarp.com/currencies/rai/
OGV,origin-dollar-governance,https://www.coincarp.com/currencies/origin-dollar-governance/
SX,sx-network,https://www.coincarp.com/currencies/sx-network/
LM,leisuremeta,https://www.coincarp.com/currencies/leisuremeta/
LITT,litlab-games,https://www.coincarp.com/currencies/litlab-games/
BEPRO,betprotocol,https://www.coincarp.com/currencies/betprotocol/
CATGIRL,catgirl,https://www.coincarp.com/currencies/catgirl/
SIN,sinverse,https://www.coincarp.com/currencies/sinverse/
WHALE,whale,https://www.coincarp.com/currencies/whale/
$MONG,mongcoin,https://www.coincarp.com/currencies/mongcoin/
RISE,everrise-v3,https://www.coincarp.com/currencies/everrise-v3/
SHI,shina-inu,https://www.coincarp.com/currencies/shina-inu/
LBL,label-foundation,https://www.coincarp.com/currencies/label-foundation/
DACXI,dacxi,https://www.coincarp.com/currencies/dacxi/
QUINT,quint,https://www.coincarp.com/currencies/quint/
HEART,humans,https://www.coincarp.com/currencies/humans/
MV,gensokishis-metaverse,https://www.coincarp.com/currencies/gensokishis-metaverse/
KDAG,kdag,https://www.coincarp.com/currencies/kdag/
PMG,pomerium-pmg,https://www.coincarp.com/currencies/pomerium-pmg/
PERC,perion,https://www.coincarp.com/currencies/perion/
DIP,dip,https://www.coincarp.com/currencies/dip/
ID,everest,https://www.coincarp.com/currencies/everest/
UCO,uniris,https://www.coincarp.com/currencies/uniris/
MNTC,minati-coin,https://www.coincarp.com/currencies/minati-coin/
EQUAD,quadrantprotocol,https://www.coincarp.com/currencies/quadrantprotocol/
RPG,rangers-protocol,https://www.coincarp.com/currencies/rangers-protocol/
TRYB,bilira,https://www.coincarp.com/currencies/bilira/
LOOT,lootbot,https://www.coincarp.com/currencies/lootbot/
RING,darwinianetwork,https://www.coincarp.com/currencies/darwinianetwork/
PBX,paribus,https://www.coincarp.com/currencies/paribus/
IMPT,impt,https://www.coincarp.com/currencies/impt/
THG,thetan-arena,https://www.coincarp.com/currencies/thetan-arena/
XELS,xels,https://www.coincarp.com/currencies/xels/
BREED,breederdao,https://www.coincarp.com/currencies/breederdao/
VERSE,getverse,https://www.coincarp.com/currencies/getverse/
FUND,unification,https://www.coincarp.com/currencies/unification/
MTV,multivac,https://www.coincarp.com/currencies/multivac/
GMPD,gamespad,https://www.coincarp.com/currencies/gamespad/
MINT,mint-club,https://www.coincarp.com/currencies/mint-club/
GOVI,govi,https://www.coincarp.com/currencies/govi/
SMURFCAT,smurfcateth,https://www.coincarp.com/currencies/smurfcateth/
UMB,umbrella-network,https://www.coincarp.com/currencies/umbrella-network/
ES,era-swap,https://www.coincarp.com/currencies/era-swap/
GRV,grove-coin-v2,https://www.coincarp.com/currencies/grove-coin-v2/
RADAR,dappradar,https://www.coincarp.com/currencies/dappradar/
LITH,lithium-finance,https://www.coincarp.com/currencies/lithium-finance/
ZGD,zambesigold,https://www.coincarp.com/currencies/zambesigold/
BTR,bitrue-coin,https://www.coincarp.com/currencies/bitrue-coin/
MVC,mileverse,https://www.coincarp.com/currencies/mileverse/
BIOT,biopassport,https://www.coincarp.com/currencies/biopassport/
NETVR,netvrk,https://www.coincarp.com/currencies/netvrk/
MMA,meme-alliance,https://www.coincarp.com/currencies/meme-alliance/
MUSE,muse,https://www.coincarp.com/currencies/muse/
TENET,tenet-protocol,https://www.coincarp.com/currencies/tenet-protocol/
WALLET,ambire-wallet,https://www.coincarp.com/currencies/ambire-wallet/
BLT,blocto,https://www.coincarp.com/currencies/blocto/
DARK,dark-frontiers,https://www.coincarp.com/currencies/dark-frontiers/
KUNCI,kunci-coin,https://www.coincarp.com/currencies/kunci-coin/
LAND,landshare-token,https://www.coincarp.com/currencies/landshare-token/
LPNT,luxurious-pro-network-token,https://www.coincarp.com/currencies/luxurious-pro-network-token/
DMAIL,dmail-network,https://www.coincarp.com/currencies/dmail-network/
SAN,santiment,https://www.coincarp.com/currencies/santiment/
DYP,defiyieldprotocol,https://www.coincarp.com/currencies/defiyieldprotocol/
RET,renewable-energy-token,https://www.coincarp.com/currencies/renewable-energy-token/
ADP,adappter-token,https://www.coincarp.com/currencies/adappter-token/
FEAR,fearnfts,https://www.coincarp.com/currencies/fearnfts/
SQUID,squid-game,https://www.coincarp.com/currencies/squid-game/
RGT,rgt,https://www.coincarp.com/currencies/rgt/
LBR,lybra-finance,https://www.coincarp.com/currencies/lybra-finance/
SAMA,exosama-network,https://www.coincarp.com/currencies/exosama-network/
IDV,idavollnetwork,https://www.coincarp.com/currencies/idavollnetwork/
NVIR,nvirworld,https://www.coincarp.com/currencies/nvirworld/
SHIDO,shido-inu,https://www.coincarp.com/currencies/shido-inu/
DHT,dhedge,https://www.coincarp.com/currencies/dhedge/
RITE,ritestream,https://www.coincarp.com/currencies/ritestream/
NAVI,atlas-navi,https://www.coincarp.com/currencies/atlas-navi/
STBU,stobox-token,https://www.coincarp.com/currencies/stobox-token/
SYLO,sylo,https://www.coincarp.com/currencies/sylo/
MVI,metaverselndex,https://www.coincarp.com/currencies/metaverselndex/
VIX,vixco,https://www.coincarp.com/currencies/vixco/
CBG,chainbing,https://www.coincarp.com/currencies/chainbing/
HVH,havah,https://www.coincarp.com/currencies/havah/
MCRT,magiccraft,https://www.coincarp.com/currencies/magiccraft/
XED,exeedme,https://www.coincarp.com/currencies/exeedme/
ONE,one,https://www.coincarp.com/currencies/one/
